nama,ic_no
Clarinda,870-77-6278
Colene,466-75-7655
Barb,420-76-2216
Angele,335-67-7943
Violante,459-36-5613
Sandra,809-65-3670
Avrit,573-35-5419
Nicoline,702-70-2578
Gertruda,784-23-6883
Biddy,808-36-7014
Bettye,145-57-8466
Paolina,719-11-4449
George,860-61-8500
Helenelizabeth,560-85-1913
Waly,588-32-3491
Dulcea,429-73-1491
Berget,772-23-6029
Vilhelmina,565-09-0031
Valery,657-51-9703
Johnath,448-86-1083
Dorena,239-01-2253
Zabrina,709-22-0248
Magdalen,863-75-0813
Lynea,733-34-1282
Celina,289-31-1810
Cal,175-23-2354
Heddi,853-40-4852
Glenine,556-98-5339
Carla,849-54-0078
Olva,323-71-2637
Elie,218-41-5747
Annabelle,488-56-1359
Ardella,395-05-2327
Clio,201-84-5830
Ingunna,689-40-1025
Edi,569-60-7611
Marylou,103-38-6505
Kala,451-67-7587
Claudie,358-90-3175
Merl,394-21-0651
Katharina,634-46-7304
Carina,663-66-4975
Harmony,769-21-4683
Jeanna,627-03-1806
Kimberli,896-90-3490
Alisa,577-65-5855
Rochette,220-16-7621
Chryste,133-36-3281
Rochelle,294-13-2789
Florri,385-34-6005
Clea,367-48-9675
Oralle,878-99-7324
Lissie,839-90-6802
Fay,339-06-2460
Kara,538-40-6211
Terra,329-63-1361
Helena,771-35-3728
Ulla,365-94-0964
Lian,236-65-2776
Olivia,839-20-5534
Jeanna,892-40-8576
Meaghan,111-73-4973
Dinnie,183-94-9027
Louisette,455-63-6072
Wenda,573-33-0537
Clarice,457-43-7002
Jonis,703-24-6093
Pris,533-47-8868
Sigrid,688-54-7803
Flossy,419-85-1340
Ashia,786-69-1800
Wenona,821-61-0758
Nance,392-84-6198
Zita,821-28-0695
Reba,721-84-1701
Ulla,845-45-8964
Sandye,128-30-7270
Franni,577-84-6166
Loralyn,743-08-4879
Toma,795-60-4609
Sheba,857-13-2997
Mariette,716-60-0848
Phebe,880-82-0081
Jordanna,604-78-7857
Dacia,854-85-2293
Cordy,252-27-8124
Kora,884-33-4403
Zita,191-58-5773
Lela,506-82-5579
Carlota,764-02-5536
Cicely,880-18-8931
Orsola,742-81-4631
Genovera,865-20-7997
Lois,424-46-5801
Isabelita,784-68-9015
Teddy,846-53-5796
Leeann,302-55-1526
Adara,639-23-0485
Lorinda,285-90-8610
Fedora,149-15-3175
Molly,252-36-2531
Lana,469-99-0292
Blake,851-25-2194
Winonah,382-04-9429
Maire,175-34-4473
Lola,746-55-1810
Cristabel,508-07-0486
Glory,725-36-2100
Wandie,314-15-3122
Hilda,294-99-8062
Melamie,824-51-9618
Nora,698-36-0008
Elane,219-11-9969
Suzanne,213-92-2379
Marti,641-30-2535
Leigha,701-53-5314
Fidelia,347-12-6685
Gus,618-13-4375
Stephanie,873-70-1524
Harlene,583-83-8791
Missy,266-59-5019
Roselin,709-68-8107
Connie,728-97-2595
Tana,899-12-5881
Pearla,692-84-0231
Maggie,481-62-3101
Doretta,557-76-4345
Mersey,754-16-3839
Sondra,493-65-5620
Alissa,475-04-9206
Chelsae,695-66-2644
Charis,764-62-7370
Odelia,575-97-0842
Micheline,617-36-7712
Amberly,768-44-5645
Nari,427-42-0180
Neille,784-30-6666
Jackie,472-30-1958
Erena,438-06-1435
Grier,527-71-2993
Ardath,121-16-0579
Leoine,619-95-7681
Ronalda,151-30-2682
Dredi,507-89-1318
Abagail,877-58-2551
Wilhelmina,296-78-1591
Corette,693-80-3556
Lita,294-46-0138
Nettle,697-16-5386
Wren,553-49-5544
Isabel,232-59-1680
Winnie,798-75-8516
Lotty,834-07-1320
Jelene,793-61-1561
Benedicta,605-84-3844
Andriette,304-03-8937
Maybelle,324-30-6679
Carri,564-86-2066
Eddie,626-25-3620
Allyce,596-30-6256
Eliza,496-71-8803
Bridget,641-38-4258
Anabella,188-44-6827
Inger,815-69-2624
Alli,590-93-6070
Georgine,361-14-1833
Maye,619-40-2112
Brynn,824-37-0603
Dacey,871-03-7810
Toby,330-72-3775
Ardelle,137-27-4980
Sue,213-48-6404
Kaleena,837-01-8624
Bren,109-84-6031
Eva,642-45-8213
Justine,135-88-4194
Noreen,471-28-3655
Marty,656-88-6196
Sidoney,265-36-2610
Jemie,342-26-0184
Ulrica,558-35-5536
Philly,344-87-0691
Florri,224-87-9039
Rahel,252-42-8806
Dodi,290-89-2311
Ileane,230-27-6912
Trix,148-24-5306
Jocelin,709-79-1551
Fanechka,125-06-8499
Ninnette,296-31-2760
Selestina,584-80-0466
Jeana,828-70-2086
Sharai,360-95-6966
Aileen,267-76-1151
Rikki,156-27-9584
Brenda,560-93-3406
Trenna,763-31-9958
Fanya,706-96-2292
Amalia,491-91-0637
Imogene,781-82-3059
